Баллоны и газы {1};;;
ГАЗЫ {2};;;
КИСЛОРОД  ГАЗ ТЕХНИЧЕСКИЙ СОРТ  1 ГОСТ 6331-78 (99,7%) {3};;;
 Заправка Баллона 2л ; 400,00р. ; 400,00р. ;0%
 Заправка Баллона 5л ; 400,00р. ; 400,00р. ;0%
 Заправка Баллона 10л ; 400,00р. ; 400,00р. ;0%
 Заправка Баллона 40л ; 600,00р. ; 600,00р. ;0%
 Кислород жидкий технический* ;  24р./кг. ; 24р./кг. ;0%
ПРОПАН  ГАЗ СЖИЖЕННЫЙ УГЛЕВОДОРОДНЫЙ ГОСТ 20448-90 {3};;;
 Заправка Баллона 5л ; 300,00р. ; 300,00р. ;0%
 Заправка Баллона 12л ; 550,00р. ; 550,00р. ;0%
 Заправка Баллона 27л ; 950,00р. ; 950,00р. ;0%
 Заправка Баллона 50л ; 1 350,00р. ; 1 350,00р. ;0%
УГЛЕКИСЛОТА ВЫСШИЙ СОРТ ГОСТ 8050-85  (99,8%)      {3};;;
 Заправка Баллона 5л/3кг ; 280,00р. ; 280,00р. ;0%
 Заправка Баллона 10л/6кг ; 350,00р. ; 350,00р. ;0%
 Заправка Баллона 12л/7,2кг ; 560,00р. ; 560,00р. ;0%
 Заправка Баллона 20л/12кг ; 750,00р. ; 750,00р. ;0%
 Заправка Баллона 40л/24кг ; 1 400,00р. ; 1 400,00р. ;0%
АРГОН ГАЗ СОРТ ВЫСШИЙ ГОСТ 10157-79 (99,993%) {3};;;
 Заправка Баллона 5л ; 970,00р. ; 970,00р. ;0%
 Заправка Баллона 10л ; 1 700,00р. ; 1 700,00р. ;0%
 Заправка Баллона 20л ; 2 500,00р. ; 2 500,00р. ;0%
 Заправка Баллона 40л ; 4 500,00р. ; 4 500,00р. ;0%
АРГОН ВЫСОКОЙ ЧИСТОТЫ ТУ 2114-005-05798345-2009 (99,998%)  {3};;;
 Заправка Баллона 5л ; 1 600,00р. ; 1 600,00р. ;0%
 Заправка Баллона 10л ; 2 800,00р. ; 2 800,00р. ;0%
 Заправка Баллона 20л ; 5 250,00р. ; 5 250,00р. ;0%
 Заправка Баллона 40л ; 8 400,00р. ; 8 400,00р. ;0%
АЗОТ  ГАЗ ОСОБОЙ ЧИСТОТЫ СОРТ 1 ГОСТ 9293-74 (99,99%)  {3};;;
 Заправка Баллона 5л ; 200,00р. ; 200,00р. ;0%
 Заправка Баллона 10л ; 250,00р. ; 250,00р. ;0%
 Заправка Баллона 40л ; 750,00р. ; 750,00р. ;0%
СВАРОЧНАЯ СМЕСЬ  82% Ar  - 18% СО2     {3};;;
 Заправка Баллона 10л ; 1 700,00р. ; 1 700,00р. ;0%
 Заправка Баллона 20л ; 2 500,00р. ; 2 500,00р. ;0%
 Заправка Баллона 40л ; 4 500,00р. ; 4 500,00р. ;0%
АЦЕТИЛЕН МАРКИ Б    {3};;;
 Заправка Баллона 40л ; 5 500,00р. ; 5 500,00р. ;0%
 СЖАТЫЙ ВОЗДУХ {3} ;;;
 Заправка Баллона 40л (150 атмосфер) ; 800,00р. ; 800,00р. ;0%
 Заправка Баллона 40л (200 атмосфер) ; 1 080,00р. ; 1 080,00р. ;0%
 Воздух 150 атмосфер ; 20р/литр ; 20р/литр ;0%
 Воздух 200 атмосфер ; 27р/литр ; 27р/литр ;0%
 Воздух 300 атмосфер ; 40р/литр ; 40р/литр ;0%
БАЛЛОНЫ {2};;;
Баллоны новые (кислородный,аргоновый,углекислотный,азотный,св.смесь) {3};;;
 Баллон 2л ; 3 900,00р. ; 3 900,00р. ;0%
 Баллон 5л ; 4 500,00р. ; 4 500,00р. ;0%
 Баллон 10л ; 5 800,00р. ; 5 800,00р. ;0%
 Баллон 20л (длинный) ; 9 800,00р. ; 9 800,00р. ;0%
 Баллон 40л ; 18 900,00р. ; 18 900,00р. ;0%
Баллоны новые Пропановые {3};;;
 Баллон 5л ; 3 260,00р. ; 3 260,00р. ;0%
 Баллон 12л ; 3 890,00р. ; 3 890,00р. ;0%
 Баллон 27л ; 4 940,00р. ; 4 940,00р. ;0%
 Баллон 50л ; 7 200,00р. ; 7 200,00р. ;0%
Баллоны переаттестованные {3};;;
 Баллоны 40л (кислородный,аргоновый,углекислотный,азотный,св.смесь) ; 11 700,00р. ; 11 700,00р. ;0%
 Баллоны 50л пропановые ; 4 680,00р. ; 4 680,00р. ;0%
 Баллоны 10л (кислородный,аргоновый,углекислотный,азотный,св.смесь) ; 4 500,00р. ; 4 500,00р. ;0%
 Баллоны 20л (кислородный,аргоновый,углекислотный,азотный,св.смесь) ; 9 500,00р. ; 9 500,00р. ;0%
 Баллоны 40л ацетиленовый ; 12 700,00р. ; 12 700,00р. ;0%
Переосвидетельствование баллонов (ремонт, замена вентиля) {3};;;
 Баллоны  (кислородный,аргоновый,углекислотный,азотный,св.смесь) ; 1 800,00р. ; 1 800,00р. ;0%
 Баллоны пропановые  ; 1 600,00р. ; 1 600,00р. ;0%
 Баллон ацетиленовый  ; 2 500,00р. ; 2 500,00р. ;0%
Редуктора и регуляторы давления {1};;;
Кислородные {2};;;
 Редуктор кислородный БКО-50-12,5 REDIUS ; 2 150,00р. ; 2 150,00р. ;0%
 Редуктор кислородный БКО-50 AL (алюм.) ; 1 400,00р. ; 1 400,00р. ;0%
 Редуктор кислородный БКО-50-2 «Нева» REDIUS ; 2 200,00р. ; 2 200,00р. ;0%
 Редуктор кислородный БКО-50-12,5 ДОКА ; 1 100,00р. ; 1 100,00р. ;0%
 Редуктор кислородный БКО-50-4 с поверкой СВАРОГ ; 3 400,00р. ; 3 400,00р. ;0%
 Редуктор кислородный БКО-50-4 ; 2 450,00р. ; 2 450,00р. ;0%
Пропановые {2};;;
 Редуктор пропановый БПО-5-3 Россия REDIUS ; 1 300,00р. ; 1 300,00р. ;0%
 Редуктор пропановый БПО-5-3 ДОКА ; 950,00р. ; 950,00р. ;0%
 Редуктор пропановый БПО-5-4 REDIUS ; 2 400,00р. ; 2 400,00р. ;0%
 Редуктор пропановый БПО-5-5, FOOB, F50.11.1 ; 1 200,00р. ; 1 200,00р. ;0%
 Регулятор давления РДСГ 1-1,2 ; 445,00р. ; 445,00р. ;0%
Углекислотные {2};;;
 Редуктор углекислотный УР6-6 ; 1 300,00р. ; 1 300,00р. ;0%
 Редуктор углекислотный УР-6-6 ДОКА ; 1 200,00р. ; 1 200,00р. ;0%
 Редуктор углекислотный УР6-6 REDIUS ; 1 800,00р. ; 1 800,00р. ;0%
 Редуктор углекислотный УР-6-6М с поверкой СВАРОГ ; 1 300,00р. ; 1 300,00р. ;0%
Аргоновые {2};;;
 Регулятор аргоновый АР-10-КР1-М REDIUS ; 2 500,00р. ; 2 500,00р. ;0%
Азотные {2};;;
 Регулятор азотный А-30-КР1 REDIUS ; 2 800,00р. ; 2 800,00р. ;0%
 Редуктор азотный БАЗО-50-4 REDIUS ; 3 600,00р. ; 3 600,00р. ;0%
Гелиевые {2};;;
 Редуктор гелиевый БГО-5-4 REDIUS ; 3 390,00р. ; 3 390,00р. ;0%
 Редуктор гелиевый БГО-50-4-ВШ ; 2 700,00р. ; 2 700,00р. ;0%
 Редуктор гелиевый БГО-5-М REDIUS ; 2 500,00р. ; 2 500,00р. ;0%
Ацетиленовые {3};;;
 Редуктор ацетиленовый БАО-5-1, 5 REDIUS ; 2 010,00р. ; 2 010,00р. ;0%
Водородные {3};;;
 Редуктор водородный БВО-80-4 ТУ ; 3 580,00р. ; 3 580,00р. ;0%
Универсальные {3};;;
 Регулятор универсальный У-30/АР-40-КР1 (манометр+расходомер) REDIUS ; 3 300,00р. ; 3 300,00р. ;0%
 Регулятор универсальный У-30/АР-40-КР1-м-Р1 REDIUS ; 2 650,00р. ; 2 650,00р. ;0%
 Регулятор универсальный У-30/АР-40-Р СВАРОГ ; 3 000,00р. ; 3 000,00р. ;0%
 Регулятор универсальный У-30/АР-40-КР1П 36В (с подогревателем) ; 4 300,00р. ; 4 300,00р. ;0%
 Регулятор универсальный У-30/АР-40-01-1Р/ ПТК ; 2 200,00р. ; 2 200,00р. ;0%
 Регулятор универсальный У-30/АР-40-Р FOOB ; 2 100,00р. ; 2 100,00р. ;0%
Манометры {2};;;
 Манометр пропановый 0,6 Мпа ; 380,00р. ; 380,00р. ;0%
 Манометр кислородный 2,5 Мпа ; 380,00р. ; 380,00р. ;0%
 Манометр кислородный 25 Мпа ; 380,00р. ; 380,00р. ;0%
 Манометр кислородный ТМ-210Р 25 Мпа ПОВЕРЕННЫЙ ; 380,00р. ; 380,00р. ;0%
 Манометр углекислотный 1 Мпа ; 380,00р. ; 380,00р. ;0%
 Манометр углекислотный 16 Мпа ; 380,00р. ; 380,00р. ;0%
 Манометр ацетиленовый 0,4 Мпа ; 380,00р. ; 380,00р. ;0%
Подогреватели газа {2};;;
 *Подогреватель углекислого газа ПЭГ-1 36V (ПТК) ; 1 500,00р. ; 1 500,00р. ;0%
 Подогреватель углекислого газа ПЭГ-1 220V (ПТК) ; 1 500,00р. ; 1 500,00р. ;0%
Горелки Резаки и комплектующие к ним {1};;;
Горелки {2};;;
 Горелка газовоздушная ГВ-100-Р Redius ; 1 250,00р. ; 1 250,00р. ;0%
 Горелка газовоздушная ГВ-100, Redius ; 1 105,00р. ; 1 105,00р. ;0%
 Горелка газовоздушная ГВ-100, СВАРОГ ; 1 350,00р. ; 1 350,00р. ;0%
 Горелка газовоздушная ГВ-111 Redius ; 1 200,00р. ; 1 200,00р. ;0%
 Горелка газовоздушная ГВ-111 ДОКА ; 1 650,00р. ; 1 650,00р. ;0%
 Горелка газовоздушная ГВ-111 СВАРОГ ; 1 300,00р. ; 1 300,00р. ;0%
 Горелка газовоздушная ГВ-111-Р СВАРОГ ; 1 400,00р. ; 1 400,00р. ;0%
 Горелка кровельная ГВ-111-Р Redius ; 1 400,00р. ; 1 400,00р. ;0%
 Горелка кровельная ГВ-131-Р (Ф стакана=50 мм, L=1032 мм рычаг, 2-х факельная, Redius) ; 2 150,00р. ; 2 150,00р. ;0%
 Горелка пропановая ГЗУ-4-45 9/6 СВАРОГ ; 2 900,00р. ; 2 900,00р. ;0%
 Горелка пропановая ГЗУ-3-23 Сварог ; 2 600,00р. ; 2 600,00р. ;0%
 Горелка пропановая ГЗУ-3-23 9/6 нак.2,3 Redius ; 2 220,00р. ; 2 220,00р. ;0%
 Горелка ацетиленовая Г2-23 6/9 (нак.2,3), Redius ; 2 500,00р. ; 2 500,00р. ;0%
Резаки {2};;;
 Резак пропановый РЗП-02М Redius ; 3 200,00р. ; 3 200,00р. ;0%
 Резак пропановый РЗП-02М СВАРОГ ; 3 100,00р. ; 3 100,00р. ;0%
 Резак пропановый РЗП-03МУ Redius ; 3 970,00р. ; 3 970,00р. ;0%
 Резак пропановый КЕДР Р3П-05 (трехтрубный) ; 3 750,00р. ; 3 750,00р. ;0%
 Резак пропановый Р3П -21-Р Redius ; 3 300,00р. ; 3 300,00р. ;0%
 Резак пропановый Р3П-03Р ПТК ; 2 880,00р. ; 2 880,00р. ;0%
 Резак пропановый Р3П -32-Р-У1 рычажный (800мм), Redius ; 5 490,00р. ; 5 490,00р. ;0%
 Резак пропановый РЗПс (2,3 L=1000) ДЖЕТ ; 3 500,00р. ; 3 500,00р. ;0%
 Резак пропановый РЗПу (2,3 L=1000) ДЖЕТ ; 4 700,00р. ; 4 700,00р. ;0%
 Резак пропановый РЗП-01 (нак.2,3) Джет ; 3 100,00р. ; 3 100,00р. ;0%
Комплектующие {2};;;
Резаки редиус Р3П/Р1П {3};;;
Внутренние мундштуки {4};;;
 Мундштук внутр. к Р1П №3П РЕДИУС ; 145,00р. ; 145,00р. ;0%
 Мундштук внутр. к Р1П №4П РЕДИУС ; 145,00р. ; 145,00р. ;0%
 Мундштук внутр. к Р3П №1 РЕДИУС ; 180,00р. ; 180,00р. ;0%
 Мундштук внутр. к Р3П №2 РЕДИУС ; 180,00р. ; 180,00р. ;0%
 Мундштук внутр. к Р3П №3П РЕДИУС ; 180,00р. ; 180,00р. ;0%
 Мундштук внутр. к Р3П №4П РЕДИУС ; 180,00р. ; 180,00р. ;0%
 Мундштук внутр. к Р3П №5П РЕДИУС ; 180,00р. ; 180,00р. ;0%
 Мундштук внутр. к Р3П №6П РЕДИУС ; 180,00р. ; 180,00р. ;0%
Наружние мундштуки {4};;;
 Мундштук наружный Р1А/1П №1 ; 340,00р. ; 340,00р. ;0%
 Мундштук наружный 1П (Р3П) РЕДИУС ; 380,00р. ; 380,00р. ;0%
 Мундштук наружный 2П (Р3П) РЕДИУС ; 380,00р. ; 380,00р. ;0%
Резаки ДЖЕТ {3};;;
Внутренние мундштуки {4};;;
 Мундштук внутр. к Р3П №1 (РЗП,Р2А) ДЖЕТ ; 240,00р. ; 240,00р. ;0%
 Мундштук внутренний №2 (Р3П, Р2А) ДЖЕТ ; 240,00р. ; 240,00р. ;0%
 Мундштук внутренний №3 (Р3П, Р2А) ДЖЕТ ; 240,00р. ; 240,00р. ;0%
 Мундштук внутренний №4 (Р3П, Р2А) ДЖЕТ ; 240,00р. ; 240,00р. ;0%
Наружние мундштуки {4};;;
 Мундштук нар. к Р3П/Р2А №1 ДЖЕТ ; 380,00р. ; 380,00р. ;0%
 Мундштук нар. к Р3П/Р2А №2 ДЖЕТ ; 380,00р. ; 380,00р. ;0%
Трехтрубные резаки {3};;;
Наружние мундштуки {4};;;
 Мундштук наружный РNM №1 ; 425,00р. ; 425,00р. ;0%
Мундштук наружный РNM №2; 425,00р. ; 425,00р. ;0%
Внутренние мундштуки {4};;;
 Мундштук внутренний Р №1 ; 380,00р. ; 380,00р. ;0%
 Мундштук внутренний Р №2 ; 380,00р. ; 380,00р. ;0%
 Мундштук внутренний Р №3 ; 380,00р. ; 380,00р. ;0%
 Мундштук внутренний Р №4 ; 380,00р. ; 380,00р. ;0%
 Мундштук внутренний Р №5 ; 380,00р. ; 380,00р. ;0%
 Мундштук внутренний Р №6 ; 380,00р. ; 380,00р. ;0%
Наборы {3};;;
 Мундштук газосмесительный к Р3П-32, Р3-300, Р3-345 №3РМ ; 500,00р. ; 500,00р. ;0%
 Мундштук к трехтрубному пропановому резаку №1-PNM в сборе 10-25мм (СВАРОГ) ; 500,00р. ; 500,00р. ;0%
 Мундштук к трехтрубному пропановому резаку №2-PNM в сборе 25-75мм (СВАРОГ) ; 500,00р. ; 500,00р. ;0%
 Набор для чистки мундштуков АТ5115 ; 250,00р. ; 250,00р. ;0%
Наконечники к горелкам {3};;;
 Наконечник Г2, Г3 №0А ; 450,00р. ; 450,00р. ;0%
 Наконечник Г2, Г3 №1А ; 450,00р. ; 450,00р. ;0%
 Наконечник Г2, Г3 №2А ; 450,00р. ; 450,00р. ;0%
 Наконечник Г2, Г3 №3А ; 450,00р. ; 450,00р. ;0%
 Наконечник Г2, Г3 №4А ; 450,00р. ; 450,00р. ;0%
 Наконечник Г2, Г3 №5А ; 450,00р. ; 450,00р. ;0%
TIG/MIG/Плазма {1};;;
TIG {2};;;
Цанги {3};;;
Цанга 1,6 мм к горелке TIG; 110,00р. ; 110,00р. ;0%
Цанга 2,0 мм к горелке TIG; 110,00р. ; 110,00р. ;0%
Цанга 2,4мм к горелке TIG; 110,00р. ; 110,00р. ;0%
Цанга 3,2мм к горелке TIG; 110,00р. ; 110,00р. ;0%
Цанга 4,0мм к горелке TIG; 110,00р. ; 110,00р. ;0%
Сопла {3};;;
Сопло керамическое №8 (12,5); 55,00р. ; 55,00р. ;0%
Сопло керамическое №10 (16); 45,00р. ; 45,00р. ;0%
Сопло керамическое №4 (WB-17-18-26); 45,00р. ; 45,00р. ;0%
Сопло керамическое №5 (17-18-26); 45,00р. ; 45,00р. ;0%
Сопло керамическое №6 (17-18-26); 55,00р. ; 55,00р. ;0%
Сопло керамическое №7 (WР-17-18-26); 55,00р. ; 55,00р. ;0%
Сопло керамическое №12 (19,5); 45,00р. ; 45,00р. ;0%
Держатель цанги {3};;;
Держатель цанги д. 1,6; 105,00р. ; 105,00р. ;0%
Держатель цанги д.2,4; 105,00р. ; 105,00р. ;0%
Держатель цанги д.2.0; 105,00р. ; 105,00р. ;0%
Держатель цанги д. 3,2; 105,00р. ; 105,00р. ;0%
Держатель цанги д. 4,0 Г; 105,00р. ; 105,00р. ;0%
Горелки {3};;;
Горелка TIG WP-17FXV 4м, вентиль, гибкая; 4 500,00р. ; 4 500,00р. ;0%
Колпачки {4};;;
Колпачок длинный SR17/SR18/SR26; 50,00р. ; 50,00р. ;0%
MIG {2};;;
Горелки {3};;;
Горелка MIG MP-15AK 3м евро; 3 500,00р. ; 3 500,00р. ;0%
Горелка MIG MP-24KD 3м евро; 6 000,00р. ; 6 000,00р. ;0%
Горелка MIG-15 4м; 3 000,00р. ; 3 000,00р. ;0%
Горелка TORCH 15АК 5м евро; 3 300,00р. ; 3 300,00р. ;0%
Сварочная горелка MIG REAL MS-15 2,7м СВАРОГ; 3 200,00р. ; 3 200,00р. ;0%
Горелка TORCH 36 KD 4м; 6 300,00р. ; 6 300,00р. ;0%
Горелка для полуавтомата MIG MВ-36KDH 3м; 5 900,00р. ; 5 900,00р. ;0%
Горелка WTM  24-HD 4м; 7 300,00р. ; 7 300,00р. ;0%
Сопла {3};;;
Сопло МВ15АК D 12мм; 170,00р. ; 170,00р. ;0%
Сопло медное MP15АК d=16mm, цилиндр; 170,00р. ; 170,00р. ;0%
Сопло медное MS24/240 ф 12,5мм; 150,00р. ; 150,00р. ;0%
Сопло МВ 25АК D 15мм (уп. 5 шт.); 150,00р. ; 150,00р. ;0%
Сопло медное MP501D/401D/26KD d=16mm, конич.; 300,00р. ; 300,00р. ;0%
Сопло МВ 36KD D 16 мм (уп.5 шт.); 380,00р. ; 380,00р. ;0%
Каналы {3};;;
Канал стальной 0,6-0,9мм, 3,4м (голубой); 250,00р. ; 250,00р. ;0%
Канал стальной 0,6-0,9мм, 4,4м (голубой); 280,00р. ; 280,00р. ;0%
Канал стальной 1,0-1,2мм, 3,4м (красный); 350,00р. ; 350,00р. ;0%
Канал стальной 1,0-1,2мм, 4,4м (красный); 370,00р. ; 370,00р. ;0%
Канал стальной 1,0-1,2мм, 5,4м (красный); 390,00р. ; 390,00р. ;0%
Канал стальной 1,2-1,6мм, 5,4м (желтый); 430,00р. ; 430,00р. ;0%
Держатель наконечника {3};;;
Держатель сопла (MS 15) (СВАРОГ); 100,00р. ; 100,00р. ;0%
Держатель сопла MB15AK с пружиной ДОКА; 100,00р. ; 100,00р. ;0%
Держатель наконечника М6 26мм; 80,00р. ; 80,00р. ;0%
держатель наконечника МР36KD,М6*28; 50,00р. ; 50,00р. ;0%
держатель наконечника МР36KD,М8*28; 60,00р. ; 60,00р. ;0%
Наконечники к горелкам {3};;;
 Наконечник E-Cu M6x25x0,8 ; 40,00р. ; 40,00р. ;0%
Наконечник E-Cu M6x25x1.0; 40,00р. ; 40,00р. ;0%
Наконечник E-Cu M6x25x1.2; 40,00р. ; 40,00р. ;0%
Наконечник E-Cu M6x28x0,8; 40,00р. ; 40,00р. ;0%
Наконечник E-Cu M6x28x1.0; 55,00р. ; 55,00р. ;0%
Наконечник E-Cu M6x28x1.2; 55,00р. ; 55,00р. ;0%
Наконечник E-Cu M8x30x0.8; 70,00р. ; 70,00р. ;0%
Наконечник E-Cu M8x30x1,0; 70,00р. ; 70,00р. ;0%
Наконечник E-Cu M8x30x1,2; 70,00р. ; 70,00р. ;0%
Наконечник E-CU М8х30х1,6 (СВАРОГ); 70,00р. ; 70,00р. ;0%
Гусаки {3};;;
Гусак горелки MIG-15; 350,00р. ; 350,00р. ;0%
Плазма {2};;;
Резаки {3};;;
Плазменный резак МР-31 (5m, 3/8G, 2pin); 3 400,00р. ; 3 400,00р. ;0%
Плазменный резак MP-80 (5m, центральный адаптер); 6 500,00р. ; 6 500,00р. ;0%
Сопла {3};;;
Сопло d 1.0 CP PT-31; 80,00р. ; 80,00р. ;0%
Сопло d 1.0 CP PT-31 удлиненное; 120,00р. ; 120,00р. ;0%
Сопло d 1.0 на  PT-60; 300,00р. ; 300,00р. ;0%
Сопло 1,1 Р-80; 80,00р. ; 80,00р. ;0%
Сопло 1,3 Р-80; 140,00р. ; 140,00р. ;0%
Сопло 1,5 Р-80; 80,00р. ; 80,00р. ;0%
Сопло - 85А; 370,00р. ; 370,00р. ;0%
Диффузоры {3};;;
Диффузор СР РТ-31; 20,00р. ; 20,00р. ;0%
Диффузор газовый 24; 40,00р. ; 40,00р. ;0%
Диффузор газовый 36; 40,00р. ; 40,00р. ;0%
Диффузор MIG-501 керам.; 40,00р. ; 40,00р. ;0%
Катоды {4};;;
Катод А 101-141 PR0101; 120,00р. ; 120,00р. ;0%
Катод СР РТ-31; 55,00р. ; 55,00р. ;0%
Катод РТ-31 удл.; 120,00р. ; 120,00р. ;0%
Катод Р-60; 60,00р. ; 60,00р. ;0%
Катод Р-80; 80,00р. ; 80,00р. ;0%
Электрод {4};;;
Электрод (Electrode) 25A; 400,00р. ; 400,00р. ;0%
Электрод (Electrode), 45-105A; 350,00р. ; 350,00р. ;0%
Электрод (Electrode), 45-125A; 400,00р. ; 400,00р. ;0%
Насадки {4};;;
Насадка защитная СР РТ-31; 120,00р. ; 120,00р. ;0%
Насадка защитная Р-80 керамическая; 140,00р. ; 140,00р. ;0%
 Экраны {4};;;
 Защитный экран (Shield), 105-125A ; 1 050,00р. ; 1 050,00р. ;0%
 Экран - 45А-85А ; 400,00р. ; 400,00р. ;0%
 Экран - 105А ; 400,00р. ; 400,00р. ;0%
ЭЛЕКТРОДЫ {1};;;
Сварочные электроды {2};;;
Магнитогорские МЭЗ {3};;;
 Электроды МР-3 4,0мм (6,5кг) МЭЗ ; 1 536,00р. ; 1 536,00р. ;0%
 Электроды УОНИ 13/55 3мм (4,5кг) МЭЗ ; 1 020,00р. ; 1 020,00р. ;0%
 Электроды ЦЧ-4 3,0мм (1кг) МЭЗ ; 1 500,00р. ; 1 500,00р. ;0%
ЭСАВ {3};;;
 Электроды МР-3 3,0мм (5кг) ESAB ; 2 400,00р. ; 2 400,00р. ;0%
 Электроды МТГ 01К 2,5мм (4,5кг) ESAB ; 2 450,00р. ; 2 450,00р. ;0%
 Электроды МТГ-01К 3,0мм (4,5кг) ESAB ; 2 300,00р. ; 2 300,00р. ;0%
 Электроды МТГ-02 4,0мм (6кг) ESAB ; 2 800,00р. ; 2 800,00р. ;0%
 Электроды ОЗС-12 2,0мм (4кг) ESAB ; 2 300,00р. ; 2 300,00р. ;0%
 Электроды ОЗС-12 5,0мм (6,5кг) ESAB ; 2 110,00р. ; 2 110,00р. ;0%
 Электроды ОК 46.00 2,5мм (5,3кг) ESAB ; 2 450,00р. ; 2 450,00р. ;0%
 Электроды ОК 46.00 3,0мм (5,3кг)  ESAB ; 2 790,00р. ; 2 790,00р. ;0%
 Электроды ОК 46.00 4,0мм (6,6кг) ESAB ; 3 350,00р. ; 3 350,00р. ;0%
 Электроды ОК 53.70 3,2мм (1,8кг) ESAB ; 1 200,00р. ; 1 200,00р. ;0%
 Электроды ОК 53.70 3,2мм (4,7кг) ESAB ; 3 250,00р. ; 3 250,00р. ;0%
 Электроды ОК 53.70 4,0мм (3,8кг) ESAB ; 2 400,00р. ; 2 400,00р. ;0%
 Электроды ОК 53.70 4,0мм (6,0кг) ESAB ; 3 700,00р. ; 3 700,00р. ;0%
 Электроды ОК 61.30 2,0мм (0,6кг) ESAB ; 3 900,00р. ; 3 900,00р. ;0%
 Электроды ОК 61.30 2,0мм (1,6кг) ESAB ; 5 660,00р. ; 5 660,00р. ;0%
 Электроды ОК 61.63 2,5мм (2кг) ESAB ; 4 050,00р. ; 4 050,00р. ;0%
 Электроды ОК 74.70 4мм (6кг) ESAB ; 3 100,00р. ; 3 100,00р. ;0%
 Электроды УОНИИ-13/55 2,5мм (4,5кг) ESAB СВЭЛ ; 1 530,00р. ; 1 530,00р. ;0%
 Электроды УОНИ 13/55 3,0мм (4,5кг) ESAB СВЭЛ ; 1 350,00р. ; 1 350,00р. ;0%
 Электроды УОНИИ-13/55 4,0мм (6кг) ESAB СВЭЛ ; 1 650,00р. ; 1 650,00р. ;0%
Электроды LB-KOBELCO {3};;;
 Электроды LB-52U 2,6мм (5кг) KOBELCO ; 4 300,00р. ; 4 300,00р. ;0%
 Электроды LB-52U 3,2мм (5кг) KOBELCO ; 4 250,00р. ; 4 250,00р. ;0%
 Электроды LB-52U 4,0мм (5кг) KOBELCO ; 4 200,00р. ; 4 200,00р. ;0%
Тольятти {3};;;
Электроды АНО-21 3,0мм (1кг) ТОЛЬЯТТИ; 400,00р. ; 400,00р. ;0%
Электроды МР-3 3,0мм (1кг) атлант ТОЛЬЯТТИ; 320,00р. ; 320,00р. ;0%
 Электроды ОЗЛ-8 2,5мм (1кг) ТОЛЬЯТТИ ; 1 400,00р. ; 1 400,00р. ;0%
 Электроды Т-590 4,0мм (5кг) ТОЛЬЯТТИ ; 1 550,00р. ; 1 550,00р. ;0%
 Электроды Т-590 5,0мм (5кг) ТОЛЬЯТТИ ; 1 600,00р. ; 1 600,00р. ;0%
 Электроды ЦЧ-4 3,0мм (1кг) ТОЛЬЯТТИ ; 1 500,00р. ; 1 500,00р. ;0%
 Электроды ЦЧ-4 4,0мм (1кг) ТОЛЬЯТТИ ; 1 550,00р. ; 1 550,00р. ;0%
 Электроды Э-50А ТМУ-21У 4,0мм (5кг) ТОЛЬЯТТИ ; 1 380,00р. ; 1 380,00р. ;0%
 Электроды Э-50А УОНИ-13/55 3,0мм (5кг) ТОЛЬЯТТИ ; 725,00р. ; 725,00р. ;0%
 Электроды Э-50А УОНИ-13/55 4,0мм (5кг) ТОЛЬЯТТИ ; 930,00р. ; 930,00р. ;0%
Пенза {3};;;
Электроды МР-3 3,0мм (5кг) ФЛАГМАН;1300,00р.;1300р.;0%
Электроды МР-3 4,0мм (5кг) ФЛАГМАН;1250,00р.;1250р.;0%
Электроды ПЭLB-52U 2,6мм (1,4кг) ФЛАГМАН;620,00р.;620р.;0%
Электроды ПЭLB-52U 3,2мм (1,3кг) ФЛАГМАН;570,00р.;570р.;0%
Электроды ПЭLB-52U 4,0мм (1,8кг) ФЛАГМАН;780,00р.;780р.;0%
Хобэкс {3};;;
 Электроды УОНИ-13/55 3,0мм (5кг) ХОБЭКС ; 1 200,00р. ; 1 200,00р. ;0%
 Электроды УОНИ-13/55 4,0мм (5кг) ХОБЭКС ; 1 110,00р. ; 1 110,00р. ;0%
 Электроды УОНИ-13/55 5,0мм (5кг) ХОБЭКС ; 1 150,00р. ; 1 150,00р. ;0%
 Электроды УОНИИ-13/45 3,0мм (5кг) ХОБЭКС ; 1 050,00р. ; 1 050,00р. ;0%
 Электроды МР-3 4,0мм (5кг) ХОБЭКС ; 1 200,00р. ; 1 200,00р. ;0%
 Электроды МР-3 3,0мм (5кг) ХОБЭКС ; 1 250,00р. ; 1 250,00р. ;0%
 Электроды ОЗЛ-8 2,5мм (5кг) ХОБЭКС ; 7 000,00р. ; 7 000,00р. ;0%
 Электроды ОЗЛ-8 3,0мм (5кг) ХОБЭКС ; 4 750,00р. ; 4 750,00р. ;0%
 Электроды ОЗЛ-6 2,5мм (5кг) ХОБЭКС ; 9 000,00р. ; 9 000,00р. ;0%
 Электроды ЦЧ-4 3,0мм (5кг) ХОБЭКС ; 9 100,00р. ; 9 100,00р. ;0%
 Электроды ЦЧ-4 4,0мм (5кг) ХОБЭКС ; 9 300,00р. ; 9 300,00р. ;0%
СЗСМ {3};;;
 Электроды МР-3 3,0мм (3кг) СЗСМ ; 750,00р. ; 750,00р. ;0%
 Электроды МР-3 4,0мм (5,5кг) СЗСМ ; 1 100,00р. ; 1 100,00р. ;0%
 Электроды УОНИ-13/55 2,5мм (3кг) СЗСМ ; 870,00р. ; 770,00р. ;0%
 Электроды УОНИ-13/55 3,0мм (3кг) СЗСМ ; 750,00р. ; 750,00р. ;0%
 Электроды УОНИ-13/55 4,0мм (5,5кг) СЗСМ ; 1 100,00р. ; 1 100,00р. ;0%
 Электроды УОНИ-13/55 5,0мм (5,5кг) СЗСМ ; 1 200,00р. ; 1 200,00р. ;0%
Омские {3};;;
 Электроды МР-3 4,0мм (5кг) ОЭЗ ; 890,00р. ; 890,00р. ;0%
Сычевские {3};;;
 Электроды МТГ 01К 3,0мм (5кг) СЫЧЕВКА ; 1 500,00р. ; 1 500,00р. ;0%
Ресанта {3};;;
 Электроды МР-3 4,0мм (1кг) РЕСАНТА ; 350,00р. ; 350,00р. ;0%
Спецэлектрод {3};;;
 Электроды МР-3 3,0мм (5кг) СПЕЦЭЛЕКТРОД ; 850,00р. ; 850,00р. ;0%
 Электроды МР-3 4,0мм (5кг) СПЕЦЭЛЕКТРОД ; 800,00р. ; 800,00р. ;0%
АльфаГлобал (аналог ОК 46) {3};;;
 Электроды E309L-16 3,2мм (2кг) AG ; 3 690,00р. ; 3 690,00р. ;0%
 Электроды E309L-16 4,0мм (2кг) AG ; 4 900,00р. ; 4 900,00р. ;0%
 Электроды E309L-16 2,0мм (2кг) AG ; 4 700,00р. ; 4 700,00р. ;0%
 Электроды E308L-17 3,2мм (2кг) AG ; 3 400,00р. ; 3 400,00р. ;0%
 Электроды E-46 PREMIUM 2,5мм (1кг) AG ; 410,00р. ; 410,00р. ;0%
 Электроды E-46 PREMIUM 3,2мм (1кг) AG ; 390,00р. ; 390,00р. ;0%
 Электроды E-46 PREMIUM 4,0мм (5кг) AG ; 1 700,00р. ; 1 700,00р. ;0%
 Электроды E-46 PREMIUM 2,5мм (5кг) AG ; 1 850,00р. ; 1 850,00р. ;0%
 Электроды E-46 PREMIUM 3,2мм (5кг) AG ; 1 700,00р. ; 1 700,00р. ;0%
Вольфрамовые электроды {2};;;
 WL-золотистый (высоколегированные стали, алюминий, медь, бронза) {3} ;;;
 Электрод вольфрамовый WL-15 2,0x175мм СВАРОГ ; 180,00р. ; 180,00р. ;0%
 Электрод вольфрамовый WL-15 2,4x175мм СВАРОГ ; 240,00р. ; 240,00р. ;0%
 Электрод вольфрамовый WL-15 3,2мм (золотистый) ; 340,00р. ; 340,00р. ;0%
 Электрод вольфрамовый WL-15 4,0мм (золотистый) ; 540,00р. ; 540,00р. ;0%
 WL-синий (углеродистые, низколегированные и нержавеющие стали, титан, медь и их сплавы) {3} ;;;
 Электрод вольфрамовый WL-20 1,0мм ; 80,00р. ; 80,00р. ;0%
 Электрод вольфрамовый WL-20 1,6мм ; 105,00р. ; 105,00р. ;0%
 Электрод вольфрамовый WL-20 2,0мм (синий) ; 120,00р. ; 120,00р. ;0%
 Электрод вольфрамовый WL-20 2,4мм (синий) ; 210,00р. ; 210,00р. ;0%
 Электрод вольфрамовый WL-20 3,0мм (синий) ; 350,00р. ; 350,00р. ;0%
 WZ-белый (алюминий и его сплавы, бронза и ее сплавы, магний и его сплавы, никель и его сплавы) {3} ;;;
 Электрод вольфрамовый WZ-8 4,0мм (белый) ; 540,00р. ; 540,00р. ;0%
 WP-зеленый (алюминий, магний + сплавы) {3} ;;;
 Электрод вольфрамовый WР-20 1,6х175мм ; 140,00р. ; 140,00р. ;0%
 Электрод вольфрамовый WР-20 ф.2,0х175мм ; 150,00р. ; 150,00р. ;0%
 Электрод вольфрамовый WР 3,0х175мм (зеленый) ; 290,00р. ; 290,00р. ;0%
 WC-серый (молибден, тантал, ниобий, медь, бронза кремниевая, никель, титан и их сплавы.) {3} ;;;
 Электрод вольфрамовый WС-20 1,6мм ; 100,00р. ; 100,00р. ;0%
 Электрод вольфрамовый WС-20 2,0мм ; 120,00р. ; 120,00р. ;0%
 Электрод вольфрамовый WС-20 2,4мм ; 240,00р. ; 240,00р. ;0%
 Электрод вольфрамовый WС-20 3,0мм (серый) ; 300,00р. ; 300,00р. ;0%
 Электрод вольфрамовый WС-20 3,2мм ; 350,00р. ; 350,00р. ;0%
 Электрод вольфрамовый WС-20 4,0мм (серый) ; 600,00р. ; 600,00р. ;0%
 WT-красный (нержавеющие стали, металлы с высокой температурой плавления ) {3} ;;;
 Электрод вольфрамовый WТ-20 1,0мм ; 65,00р. ; 65,00р. ;0%
 Электрод вольфрамовый WТ-20 1,6мм ; 105,00р. ; 105,00р. ;0%
 Электрод вольфрамовый WТ-20 3,0мм (красный) ; 290,00р. ; 290,00р. ;0%
Абразив {1};;;
Кратон {2};;;
Круг отезной по металлу {3};;;
Скорый {4};;;
" Круг отрезной по металлу 230х1,8х22,2мм ""Скорый"" А46 TBF КРАТОН "; 140,00р. ; 140,00р. ;0%
" Круг отрезной по металлу 230х2,5х22,2мм ""Скорый"" А24 TBF КРАТОН "; 130,00р. ; 130,00р. ;0%
 Профи {4} ;;;
" Круг отрезной по металлу 115х1,6х22,2мм ""Профи"" А46 TBF КРАТОН "; 50,00р. ; 50,00р. ;0%
" Круг отрезной по металлу 125х1,0х22,2мм ""Профи"" А46 TBF КРАТОН "; 55,00р. ; 55,00р. ;0%
" Круг отрезной по металлу 125х1,2х22,2мм ""Профи"" А46 TBF КРАТОН "; 60,00р. ; 60,00р. ;0%
" Круг отрезной по металлу 125х1,6х22,2мм ""Профи"" А46 TBF КРАТОН "; 75,00р. ; 75,00р. ;0%
" Круг отрезной по металлу 125х2.5х22,2мм ""Профи"" А46 TBF КРАТОН "; 80,00р. ; 80,00р. ;0%
" Круг отрезной по металлу 150х1,8х22,2мм ""Профи"" А46 TBF КРАТОН "; 90,00р. ; 90,00р. ;0%
" Круг отрезной по металлу 180х1,8х22,2мм ""Профи"" А46 TBF КРАТОН "; 90,00р. ; 90,00р. ;0%
" Круг отрезной по металлу 230х1,8х22,2мм ""Профи"" А46 TBF КРАТОН "; 140,00р. ; 140,00р. ;0%
" Круг отрезной по металлу 230х2,5х22,2мм ""Профи"" А24 TBF КРАТОН "; 140,00р. ; 140,00р. ;0%
" Круг отрезной по металлу 230х3,0х22,2мм ""Профи"" А24 TBF КРАТОН "; 140,00р. ; 140,00р. ;0%
" Круг отрезной по металлу 355х3,2х25,4мм ""Профи"" А30 TBF КРАТОН "; 450,00р. ; 450,00р. ;0%
" Круг отрезной по металлу 400х3,2х32,0мм ""Профи"" А30 TBF КРАТОН "; 510,00р. ; 510,00р. ;0%
 Круги по нержавеющей стали {4} ;;;
 Круг отрезной по нержавеющей стали 125х1,0х22,2мм А46 SBF КРАТОН ; 58,00р. ; 58,00р. ;0%
 Круг отрезной по нержавеющей стали 125х1,2х22,2мм А46 SBF КРАТОН ; 60,00р. ; 60,00р. ;0%
 Круг отрезной по нержавеющей стали 230х2,5х22,2мм А30 SBF КРАТОН ; 160,00р. ; 160,00р. ;0%
 Шлифовальные круги {4} ;;;
 Круг шлифовальный 125х6,0х22,2мм А30 TBF КРАТОН ; 100,00р. ; 100,00р. ;0%
 Круг шлифовальный 150х6,0х22,2мм А30 TBF КРАТОН ; 130,00р. ; 130,00р. ;0%
 Круг шлифовальный 180х6,0х22,2мм А30 TBF КРАТОН ; 190,00р. ; 190,00р. ;0%
 Круг шлифовальный 230х6,0х22,2мм А30 TBF КРАТОН ; 260,00р. ; 260,00р. ;0%
Лепестковые {4};;;
 Круг лепестковый конический 125мм Р100-Z КРАТОН ; 150,00р. ; 150,00р. ;0%
 Круг лепестковый конический 125мм Р80-Z КРАТОН ; 150,00р. ; 150,00р. ;0%
 Круг лепестковый торцевой 125мм Р100-А КРАТОН ; 150,00р. ; 150,00р. ;0%
 Круг лепестковый торцевой 125мм Р40-А КРАТОН ; 150,00р. ; 150,00р. ;0%
 Круг лепестковый торцевой 125мм Р80-А КРАТОН ; 150,00р. ; 150,00р. ;0%
Ринг {3};;;
 Круг отезной по металлу {4} ;;;
 Круг отрезной по металлу 125х1,0х22,2мм РИНГ ; 45,00р. ; 45,00р. ;0%
 Круг отрезной по металлу 125х1,2х22,2мм РИНГ ; 45,00р. ; 45,00р. ;0%
 Круг отрезной по металлу 125х1,6х22,2мм РИНГ ; 45,00р. ; 45,00р. ;0%
 Круг отрезной по металлу 125х2,5х22,2мм РИНГ ; 45,00р. ; 45,00р. ;0%
 Круг отрезной по металлу 150х1,6х22,2мм РИНГ ; 65,00р. ; 65,00р. ;0%
 Круг отрезной по металлу 180х1,6х22,2мм РИНГ ; 80,00р. ; 80,00р. ;0%
 Круг отрезной по металлу 230х1,6х22,2мм РИНГ ; 130,00р. ; 130,00р. ;0%
 Круг отрезной по металлу 230х1,8х22,2мм РИНГ ; 130,00р. ; 130,00р. ;0%
 Круг отрезной по металлу 230х2,0х22,2мм РИНГ ; 130,00р. ; 130,00р. ;0%
 Круг отрезной по металлу 230х2,5х22,2мм РИНГ ; 120,00р. ; 120,00р. ;0%
 Круг отрезной по металлу 400х4,0х32мм РИНГ ; 430,00р. ; 430,00р. ;0%
 Шлифовальные круги {4} ;;;
 Круг шлифовальный 125х6,0х22,2мм РИНГ ; 85,00р. ; 85,00р. ;0%
 Круг шлифовальный 230х6,0х22,2мм РИНГ ; 210,00р. ; 210,00р. ;0%
 Лепестковые {4} ;;;
 Круг лепестковый торцевой 125мм Р60 РИНГ ; 90,00р. ; 90,00р. ;0%
 Круг лепестковый торцевой 125мм Р80 РИНГ ; 90,00р. ; 90,00р. ;0%
 Круг лепестковый торцевой 125мм Р120 РИНГ ; 90,00р. ; 90,00р. ;0%
 Алмазные {4} ;;;
 Круг алмазный 230*7*2,6*22,2мм РИНГ ; 750,00р. ; 750,00р. ;0%
DEBEVER {3};;;
 Круг отезной по металлу {4} ;;;
 Круг отрезной по металлу 125х1,0х22,2мм DEBEVER ; 62,00р. ; 62,00р. ;0%
 Круг отрезной по металлу 125х1,6х22,2мм DEBEVER ; 66,00р. ; 66,00р. ;0%
 Круг отрезной по металлу 125х2,5х22,2 мм DEBEVER ; 80,00р. ; 80,00р. ;0%
 Круг отрезной по металлу 230х1,8х22,2мм DEBEVER ; 180,00р. ; 180,00р. ;0%
 Круг отрезной по металлу 230х2,0х22,2мм DEBEVER ; 180,00р. ; 180,00р. ;0%
 Круг отрезной по металлу 230х2,5х22,2мм DEBEVER ; 205,00р. ; 205,00р. ;0%
INTERFLEX {3};;;
 Круг отезной по металлу {4} ;;;
 Круг отрезной по металлу 125х1,0х22,2мм INOX LONG ABRASIVE ; 30,00р. ; 30,00р. ;0%
 Круг отрезной по нерж.сталь 125х1,2х22,2мм Inox INTERFLEX ; 40,00р. ; 40,00р. ;0%
 Круг отрезной по нерж.сталь 230х1,9х22,2мм Inox INTERFLEX ; 100,00р. ; 100,00р. ;0%
 Круг отрезной по металлу 230х2,5х22,2мм steel INTERFLEX ; 125,00р. ; 125,00р. ;0%
 Круг отрезной по металлу 230х1,9х22,2мм INOX LONG ABRASIVE ; 115,00р. ; 115,00р. ;0%
 Лепестковые {4} ;;;
 Круг лепестковый конический 125мм Р60 цирконий INTERFLEX ; 120,00р. ; 120,00р. ;0%
TSUNAMI (Луга) {3};;;
 Круг отезной по металлу {4} ;;;
 Круг отрезной по металлу 230х1,8х22мм А40 R/S BF L TSUNAMI ; 123,00р. ; 123,00р. ;0%
 Круг отрезной по металлу 230х2.5х22мм А30 R/S BF L TSUNAMI ; 142,00р. ; 142,00р. ;0%
 Круг отрезной по металлу 230х2,0х22,2мм ЛУГА ; 98,00р. ; 98,00р. ;0%
 Круг отрезной по металлу 230х2,5х22,2мм ЛУГА ; 86,00р. ; 86,00р. ;0%
 Круг отрезной по металлу 355х4,0х25,4мм ЛУГА ; 350,00р. ; 350,00р. ;0%
 Круг отрезной по металлу 150х1,6 ЛУГА ; 80,00р. ; 80,00р. ;0%
 Круг отрезной по металлу 125х1,6х22 А40 ЛУГА ; 33,00р. ; 33,00р. ;0%
Щетки для УШМ {2};;;
 Щетка для УШМ 125 мм посадка 22,2 мм ; 450,00р. ; 450,00р. ;0%
 Щетка для УШМ дисковая плетеная 125*22,2мм РИНГ ; 340,00р. ; 340,00р. ;0%
 Щетка для УШМ чашечная 60мм, латунированная проволока 0,3мм MIRAX ; 210,00р. ; 210,00р. ;0%
 Щетка для УШМ чашечная 75мм РИНГ ; 260,00р. ; 260,00р. ;0%
 Щетка для УШМ чашечная 75мм, латунированная проволока 0,3мм MIRAX ; 255,00р. ; 255,00р. ;0%
 Щетка для УШМ чашечная 65мм Кратон ; 350,00р. ; 350,00р. ;0%
 Щетка для УШМ чашечная 80мм Кратон ; 550,00р. ; 550,00р. ;0%
 Щетка для УШМ чашечная усиленная 100мм М14 КРАТОН ; 750,00р. ; 750,00р. ;0%
 Щетка для УШМ чашечная усиленная125мм М14 КРАТОН ; 1 000,00р. ; 1 000,00р. ;0%
 Чашки {2} ;;;
 Чашка алмазная шлифовальная пол бетону ЗУБР (Мастер) сегментная 2-х рядная,115мм ; 1 660,00р. ; 1 660,00р. ;0%
 Круг зачистной {2} ;;;
 Круг шлифовальный фибровый 125*15*22мм РЕМОКОЛОР ; 750,00р. ; 750,00р. ;0%
Проволока {1};;;
TOP WELD {2};;;
 Проволока омедненная ER70S-6 0,8мм (5кг) TW ; 1 220,00р. ; 1 220,00р. ;0%
 Проволока омедненная ER70S-6 1мм (5кг) TW ; 1 120,00р. ; 1 120,00р. ;0%
 Проволока омедненная ER70S-6 1,2мм (5кг) TW ; 1 230,00р. ; 1 230,00р. ;0%
 Проволока омедненная ER70S-6 1мм (15кг) TW ; 3 075,00р. ; 3 075,00р. ;0%
 Проволока омедненная ER70S-6 1,2мм (15кг) TW ; 2 700,00р. ; 2 700,00р. ;0%
 Проволока омедненная HPGS50-6 1,6мм (15кг) ; 2 610,00р. ; 2 610,00р. ;0%
ДЕКА;;;
 Проволока омедненная   ER 70S-6   d-0,8мм  5кг ; 1 200,00р. ; 1 200,00р. ;0%
 Проволока омедненная ER70S-6 0,8мм (1кг) Оберон ; 400,00р. ; 400,00р. ;0%
 DEKA {2} ;;;
 Проволока омедненная ER70S-6 1,0мм (15кг) DEKA ; 2 175,00р. ; 2 175,00р. ;0%
 Проволока омедненная ER70S-6 1,0мм (5кг) DEKA ; 1 000,00р. ; 1 000,00р. ;0%
 Проволока омедненная ER70S-6 1,2мм (15кг) DEKA ; 2 550,00р. ; 2 550,00р. ;0%
 Проволока полированная СВ-08Г2С 0,8мм (15 кг) DEKA ; 2 310,00р. ; 2 310,00р. ;0%
 Проволока нержавеющая ER308 0,8мм (5кг) DEKA ; 4 400,00р. ; 4 400,00р. ;0%
ЭСАБ {2};;;
 Проволока СВ-08Г2С 1,2мм (18кг) ESAB ; 4 680,00р. ; 4 680,00р. ;0%
АЭМЗ {2};;;
 Проволока СD-08Г2С-О 1,2 мм (15кг D200) АЭМЗ ; 2 850,00р. ; 2 850,00р. ;0%
Порошковая проволока {2};;;
 Проволока порошковая E71T-GS 0,8мм (1кг D100) ; 600,00р. ; 600,00р. ;0%
 Проволока порошковая E71T-GS 0,8мм (5кг D200) ; 2 750,00р. ; 2 750,00р. ;0%
проволока для сварки алюминия {2};;;
 Проволока MIG 4043 d-08.mm(2кг,кат) ; 1 900,00р. ; 1 900,00р. ;0%
 Проволока mid 5356 d.0.8 мм (2 кг кат.) ; 1 950,00р. ; 1 950,00р. ;0%
Прутки {1};;;
 Пруток TIG 308LSi 2,0мм ; 40,00р. ; 40,00р. ;0%
 Пруток TIG 308LSi 2,4мм ; 35,00р. ; 35,00р. ;0%
 Пруток TIG 4043 (ALSi5) 2,0мм ; 15,00р. ; 15,00р. ;0%
 Пруток TIG-5356 AlMg5 2,0мм ; 8,00р. ; 8,00р. ;0%
 Пруток TIG-5356 AlMg5 2,4мм ; 10,00р. ; 10,00р. ;0%
 Пруток TIG ER70S-6 2,0мм ; 15,00р. ; 15,00р. ;0%
 Пруток TIG ER70S-6 3,2мм ; 20,00р. ; 20,00р. ;0%
Средства индивидуальной защиты {1};;;
Перчатки {2};;;
 Перчатки  10 класс (6 нитей)  графит с ПВХ ; 30,00р. ; 30,00р. ;0%
 Перчатки 7,5кл (7) с ПВХ ; 35,00р. ; 35,00р. ;0%
 Перчатки 10 класс (6 нитей)  с ПВХ Люкс (С) белые ; 35,00р. ; 35,00р. ;0%
 Перчатки х/б с двойным латексным покрытием ; 40,00р. ; 40,00р. ;0%
 Перчатки нитриловые синие ; 150,00р. ; 150,00р. ;0%
 Перчатки комбинированные спилковые с 2-м наладонником (ДОКА) ; 250,00р. ; 250,00р. ;0%
 Перчатки комбин.спилковые красно-желтые ; 250,00р. ; 250,00р. ;0%
 Перчатки желтые тип Сиберия PE 2202 ; 350,00р. ; 350,00р. ;0%
 Перчатки желтые тип Сиберия PE 2202 утепленные ; 410,00р. ; 410,00р. ;0%
Краги {2};;;
 Краги спилковые синие усил. пал. ; 650,00р. ; 650,00р. ;0%
 Краги спилковые черные кевлар (ДОКА) ; 500,00р. ; 500,00р. ;0%
 Краги спилковые пятипалые утепленные ; 550,00р. ; 550,00р. ;0%
 Краги спилковые красные (ДОКА) ; 650,00р. ; 650,00р. ;0%
 Краги желтые с подкладкой 35см (1477) ; 500,00р. ; 500,00р. ;0%
 Краги особо прочные с подкладкой 41см (1604) ; 650,00р. ; 650,00р. ;0%
 Краги кожанные ПРОФ Foxweld ; 960,00р. ; 960,00р. ;0%
Рукавицы {2};;;
 Рукавицы брезентовые ОП оверлог 480 г/м ; 80,00р. ; 80,00р. ;0%
 Рукавицы х/б с брезентовым налад. ОП 480 г/м ; 60,00р. ; 60,00р. ;0%
Средства для очистки рук {2};;;
" Паста для очистки рук ""ЧИСТАЯ ЗВЕЗДА"", туба 200мл "; 120,00р. ; 120,00р. ;0%
Очки {2};;;
 Очки Монако 15030 ; 600,00р. ; 600,00р. ;0%
 очки защитные облегченные затемненные ; 180,00р. ; 180,00р. ;0%
 Очки защитные открытого типа затемненные, Ремоколор ; 180,00р. ; 180,00р. ;0%
 Очки защитные открытого типа затемненные ; 180,00р. ; 180,00р. ;0%
 Очки защитные ТУНДРА с затемненным и обычным минер.стклами ; 350,00р. ; 350,00р. ;0%
 Очки открытые Классик, желтые ; 150,00р. ; 150,00р. ;0%
" Очки защитные ""Исток"" ПРО ПАНОРАМА закрытого типа с непрямой вентиляцией "; 350,00р. ; 350,00р. ;0%
 Очки газосварщика 3Н-56-Г (круглые, винтовые) ; 550,00р. ; 550,00р. ;0%
Маски {2};;;
Маска сварщика (хамелеон) PRO B10 СВАРОГ; 2 900,00р. ; 2 900,00р. ;0%
 Маска сварщика (хамелеон) PRO B20 СВАРОГ ; 3 350,00р. ; 3 350,00р. ;0%
 Маска сварщика (хамелеон) PRO B50 СВАРОГ ; 5 800,00р. ; 5 800,00р. ;0%
" Маска сварщика  ""ИСТОК"" Евро, храповый механизм "; 250,00р. ; 250,00р. ;0%
 Маска сварщика LOM ЕПК-АС, 110х90 мм, DIN 10, возможность установки светофильтра ; 300,00р. ; 300,00р. ;0%
 Маска сварщика АСФ 777 (хамелеон) ; 1 100,00р. ; 1 100,00р. ;0%
 Маска сварщика Муромец (хамелеон) ; 950,00р. ; 950,00р. ;0%
 Наголовник на маску Хамелеон  ; 300,00р. ; 300,00р. ;0%
 Маска сварщика с АСФ 505 (хамелеон) ; 1 700,00р. ; 1 700,00р. ;0%
 Маска сварщика с АСФ 605 (хамелеон) ; 3 300,00р. ; 3 300,00р. ;0%
 Маска сварщика с АСФ 615 (хамелеон) ; 4 300,00р. ; 4 300,00р. ;0%
 Маска сварщика с АСФ Мега-4 (хамелеон) ; 2 900,00р. ; 2 900,00р. ;0%
 Щиток защитный лицевой RZ10, РОСОМЗ ; 400,00р. ; 400,00р. ;0%
 Щиток защитный лицевой НН-10, РОСОМЗ ; 500,00р. ; 500,00р. ;0%
Пластины защитные {2};;;
 Пластина защитная поликарбонат 102*52*1мм ; 15,00р. ; 15,00р. ;0%
 Пластина защитная поликарбонат 110*90*1мм ; 30,00р. ; 30,00р. ;0%
 Пластина защитная поликарбонат 115*105*1мм ; 40,00р. ; 40,00р. ;0%
 Пластина защитная поликарбонат 121*69*1мм ; 20,00р. ; 20,00р. ;0%
 Пластина защитная поликарбонат 133*114*1мм ; 45,00р. ; 45,00р. ;0%
 Пластина защитная поликарбонат 180*120*1мм ; 50,00р. ; 50,00р. ;0%
Светофильтры {2};;;
 Светофильтр ТС-3 102х52 DIN 8 ; 30,00р. ; 30,00р. ;0%
 Светофильтр ТС-3 102х52 DIN 9 ; 30,00р. ; 30,00р. ;0%
 Светофильтр ТС-3 102х52 DIN 11 ; 30,00р. ; 30,00р. ;0%
 Светофильтр ТС-3 102х52 DIN 12 ; 30,00р. ; 30,00р. ;0%
 Светофильтр ТС-3 102х52 прозр. ; 11,00р. ; 11,00р. ;0%
 Светофильтр ТС-3 110х90 DIN 8 ; 60,00р. ; 60,00р. ;0%
 Светофильтр ТС-3 110х90 DIN 9 ; 60,00р. ; 60,00р. ;0%
 Светофильтр ТС-3 121х69 DIN 11 ; 60,00р. ; 60,00р. ;0%
 Светофильтр ТС-3 121х69 DIN 8 ; 40,00р. ; 40,00р. ;0%
 Светофильтр ТС-3 121х69 DIN 9 ; 40,00р. ; 40,00р. ;0%
 Светофильтр ТС-3 121х69 DIN 11 ; 40,00р. ; 40,00р. ;0%
 Светофильтр ТС-3 121х69 DIN 12 ; 40,00р. ; 40,00р. ;0%
Шланги {2};;;
 Рукав газовый  ПРОПАНОВЫЙ 111-9 - 0,63 (50м) СЗРТ ; 70,00р. ; 70,00р. ;0%
 Рукав газовый кислородный 111-9 - 2,0 (50м) КВАРТ ; 70,00р. ; 70,00р. ;0%
 Рукав газовый кислородный 111-9 - 2,0 (бухта 50м) НОВЭМ ; 80,00р. ; 80,00р. ;0%
 Рукав газовый кислородный 111-9 - 2,0 (бухта 50м) СЗРТ ; 84,00р. ; 84,00р. ;0%
 Рукав газовый кислородный 6,3 мм (черн.) бухта 40-50 м ; 70,00р. ; 70,00р. ;0%
 Рукав газовый кислородный 9,0 мм (ЧЕРНЫЙ) бухта 40-50 м ; 35,00р. ; 35,00р. ;0%
 Рукав кислородный 9,0 мм (черн.) бухта 10м ; 65,00р. ; 65,00р. ;0%
 Рукав морозостойкий кислородный черный 9.0мм 50м бухта ; 105,00р. ; 105,00р. ;0%
Кабеля сварочные {2};;;
 Кабель КГ 1х16 ; 250,00р. ; 250,00р. ;0%
 Кабель КГ 1х25 ; 340,00р. ; 340,00р. ;0%
Припой {2};;;
 Припой ТУНДРА, ПОС 40, на катушке, 1 мм, 25 г 1023751 ; 170,00р. ; 170,00р. ;0%
 Припой Castolin 192FBK д.2,0мм, упак.5 прутков. 192FBK2005 ; 1 100,00р. ; 1 100,00р. ;0%
 Припой Castolin S5 2*2*500мм ; 325,00р. ; 325,00р. ;0%
 Припой Castolin RB 5247 д.2,0мм упак.15 прут. ; 1 250,00р. ; 1 250,00р. ;0%
 Припой с канифолью ЗУБР 50г ; 650,00р. ; 650,00р. ;0%
Клеммы заземления {2};;;
" Клемма заземления КЗ 300А ""Дока"" "; 350,00р. ; 350,00р. ;0%
" Клемма заземления КЗ-25 ""КОРД"" (латунь) "; 630,00р. ; 630,00р. ;0%
 Клемма заземления КЗ-31 Сатурн ; 470,00р. ; 470,00р. ;0%
 Клемма заземления КЗ-50 Сатурн ; 630,00р. ; 630,00р. ;0%
" Клемма заземления КЗ-31 ""Корд"" "; 720,00р. ; 720,00р. ;0%
 Клемма заземления магнитная 400А KY-1201 ; 1 150,00р. ; 1 150,00р. ;0%
 Клемма заземления КЗ-500А Дока ; 435,00р. ; 435,00р. ;0%
Электрододержатели {2};;;
 Электрододержатель ESAB Confort 200 ; 1 500,00р. ; 1 500,00р. ;0%
 Электрододержатель ESAB Confort 400 ; 2 700,00р. ; 2 700,00р. ;0%
 Электрододержатель German 300A ; 550,00р. ; 550,00р. ;0%
 Электрододержатель German 500A ; 730,00р. ; 730,00р. ;0%
 Электрододержатель LX028 А300 ; 550,00р. ; 550,00р. ;0%
 Электрододержатель ESAB HANDY 300 ; 2 400,00р. ; 2 400,00р. ;0%
 Электрододержатель ЭД 300А тип HANDY ; 710,00р. ; 710,00р. ;0%
 Электрододержатель ЭД-40 (Сатурн) ; 850,00р. ; 850,00р. ;0%
Спреи {2};;;
 Спрей антипригарный 400мл ASWELD ; 290,00р. ; 290,00р. ;0%
 Спрей защитный антипригарный без силикона 520мл ; 320,00р. ; 320,00р. ;0%
 Паста антипригарная для защиты сварочных горелок  «Spatter Safe», 300 гр. (СВАРОГ) ; 660,00р. ; 660,00р. ;0%
 Паста антипригарная для защиты сварочных горелок 344 гр. HIMKOD ; 400,00р. ; 400,00р. ;0%
 Антипригарная жидкость (канистра 10л) ASWELD ; 1 800,00р. ; 1 800,00р. ;0%
Рулетки {2};;;
 Рулетка 10м*25мм с автостопом STAYER ; 570,00р. ; 570,00р. ;0%
 Рулетка 5м*19мм с автостопом STAYER ; 290,00р. ; 290,00р. ;0%
 Рулетка 3м*16мм с автостопом STAYER ; 190,00р. ; 190,00р. ;0%
 Рулетка 8м*25мм с автостопом STAYER ; 460,00р. ; 460,00р. ;0%
 Рулетка 3м*18мм MIRAX ; 120,00р. ; 120,00р. ;0%
 Рулетка 5м*18мм MIRAX ; 150,00р. ; 150,00р. ;0%
 Рулетка 8м*25мм с автостопом ЗУБР ; 420,00р. ; 420,00р. ;0%
 Рулетка с автостопом 10м/25м ВИХРЬ ; 600,00р. ; 600,00р. ;0%
Сверла {2};;;
 Сверло по металлу Кратон оксидированное ? 2,0 х 49 мм ; 17,00р. ; 17,00р. ;0%
 Сверло по металлу Кратон оксидированное ? 2,6 х 57 мм ; 15,00р. ; 15,00р. ;0%
 Сверло по металлу Кратон оксидированное ? 2,8 х 61 мм ; 22,00р. ; 22,00р. ;0%
 Сверло д.4,8 ; 90,00р. ; 90,00р. ;0%
" Сверло по керамограниту и керамической плитке (6 мм; 2 грани) "; 190,00р. ; 190,00р. ;0%
 Сверло по стеклу и кафелю 10мм ; 250,00р. ; 250,00р. ;0%
Сварочные аппараты {2};;;
 Инвертор сварочный Кратон NEXT 180М ; 7 500,00р. ; 7 500,00р. ;0%
 Инвертор сварочный Кратон NEXT 200М ; 8 120,00р. ; 8 120,00р. ;0%
 Сварочный аппарат REAL ARC 200 Сварог ; 12 300,00р. ; 12 300,00р. ;0%
" Сварочный аппарат ARC 200 ""REAL SMART"" Сварог "; 14 600,00р. ; 14 600,00р. ;0%
 Инвертор сварочный MIG 200 REAL Сварог ; 26 400,00р. ; 26 400,00р. ;0%
 Сварочный аппарат REAL MIG 200 Сварог ; 41 800,00р. ; 41 800,00р. ;0%
 Сварочный аппарат REAL TIG 200 P Сварог ; 58 000,00р. ; 58 000,00р. ;0%
" Сварочный аппарат MIG 200 ""REAL SMART"" Сварог "; 52 500,00р. ; 52 500,00р. ;0%
" Сварочный аппарат ARC 220 ""REAL SMART"" Сварог "; 17 700,00р. ; 17 700,00р. ;0%
 Сварочный аппарат REAL ARC 220 Сварог ; 16 100,00р. ; 16 100,00р. ;0%
Клапана обратные {2};;;
 Клапан обратный КО-3-Г31 ; 455,00р. ; 455,00р. ;0%
 Клапан обратный КО-3-К31 ; 455,00р. ; 455,00р. ;0%
  Клапан огнепреградительный КОГ (Редуктор) ; 900,00р. ; 900,00р. ;0%
 Клапан огнепреградительный КОК (Редуктор) ; 900,00р. ; 900,00р. ;0%
 Клапан огнепреградительный КОГ (Резак) ; 900,00р. ; 900,00р. ;0%
 Клапан огнепреградительный КОК (Резак) ; 900,00р. ; 900,00р. ;0%
 Затвор предохранительный ЗП-3К ; 900,00р. ; 900,00р. ;0%
Колпаки {2};;;
 Колпак пластиковый универсальный ; 170,00р. ; 170,00р. ;0%
 Колпак универсальный металл ; 400,00р. ; 400,00р. ;0%
Кольца транспортировочные {2};;;
 Кольцо транспортировочное для баллона 40л. ; 105,00р. ; 105,00р. ;0%
 Кольцо транспортировочное для пропанового баллона ; 66,00р. ; 66,00р. ;0%
Маркера {2};;;
 Маркер-краска строительная, всепогодная Белый ; 100,00р. ; 100,00р. ;0%
 Маркер-краска строительная, всепогодная Черный ; 100,00р. ; 100,00р. ;0%
 Маркер-краска лаковый 4 мм красная ; 115,00р. ; 115,00р. ;0%
Разное {1};;;
 Вентиль баллоный ВБ-2 ; 750,00р. ; 750,00р. ;0%
 Вентиль кислородный ВК-1 ; 1 200,00р. ; 1 200,00р. ;0%
 Вентиль кислородный ВК-2 ; 750,00р. ; 750,00р. ;0%
 Гайка 19 М16х1,5 правая, латунь (СВАРОГ) ; 140,00р. ; 140,00р. ;0%
 Гайка 19 М16х1,5 левая, латунь (СВАРОГ) ; 140,00р. ; 140,00р. ;0%
 Адаптер центр ; 1 200,00р. ; 1 200,00р. ;0%
 Магнитный фиксатор МФ 401 красный (усилие 15кг) ; 350,00р. ; 350,00р. ;0%
 Магнитный фиксатор СВАРОЧНЫЙ 70 (усилие 33кг) ; 700,00р. ; 700,00р. ;0%
 Мелок сварщика на мыльной основе 125*12*5 мм ; 25,00р. ; 25,00р. ;0%
 Молоток сварщика шлакоотбойный (СВАРОГ) ; 450,00р. ; 450,00р. ;0%
 Огниво для получения искры (СВАРОГ) ; 159,00р. ; 159,00р. ;0%
 Ниппель универсальный ф 6/9, латунь (СВАРОГ) ; 240,00р. ; 240,00р. ;0%
 Вилка кабельная 10-25 ; 200,00р. ; 200,00р. ;0%
 Вилка кабельная 35-50 (13мм) ; 300,00р. ; 300,00р. ;0%
 Панельная розетка 10-25 ; 150,00р. ; 150,00р. ;0%
 Панельная розетка 35-50 ; 250,00р. ; 250,00р. ;0%
 Переходник сп21,8 лдля импортного баллона ; 400,00р. ; 400,00р. ;0%
 Переходник универсальный 6/9 ; 200,00р. ; 200,00р. ;0%
 Паронитовая прокладка 1/2 ; 15,00р. ; 15,00р. ;0%
 Прокладка паронитовая 3/4 ; 20,00р. ; 20,00р. ;0%
 Прокладка фторопластовая 3/4 ; 30,00р. ; 30,00р. ;0%
 Респиратор с клапаном №95 ; 45,00р. ; 45,00р. ;0%
 Клей секундный Монолит мини 3г ; 40,00р. ; 40,00р. ;0%
 Холодная сварка Ремоколор ; 120,00р. ; 120,00р. ;0%
 Хомут 3/4 ; 20,00р. ; 20,00р. ;0%
 Хомут червячный, Китай 20-32 мм/9, W1 ; 25,00р. ; 25,00р. ;0%
 Жидкость стеклоомывателя ; 120,00р. ; 120,00р. ;0%
 Термопенал ТП 10-150 (220) ; 3 360,00р. ; 3 360,00р. ;0%
 Фум лента универсальная (газ-вода) ; 150,00р. ; 150,00р. ;0%
 Штуцер со съемной гайкой М22, левая резьба на ВБ ; 200,00р. ; 200,00р. ;0%
 Штуцер тройник 6/9 ; 320,00р. ; 320,00р. ;0%
 Батарейка CR2450 ; 150,00р. ; 150,00р. ;0%
 Баллон газовый PROFIRE, цанговый, 220гр ; 120,00р. ; 120,00р. ;0%
 Горелка цанговая PF-300A, с пьезоподжигом, PROFIRE ; 350,00р. ; 350,00р. ;0%
 Держатель мелка сварщика (ДОКА) ; 250,00р. ; 250,00р. ;0%
 Устройство для заправки баллонов G3/4-Сп21,8 (530мм) ; 1 200,00р. ; 1 200,00р. ;0%
 Устройство для заправки баллонов G3/4-G3/4 (530мм) ; 1 200,00р. ; 1 200,00р. ;0%
 Жидкость стеклоомывателя (от 1 до 60 шт) ; 150,00р. ; 150,00р. ;0%
 Жидкость стеклоомывателя (от 60 до 50 шт) ; 120,00р. ; 120,00р. ;0%
 Жидкость стеклоомывателя (свыше 500 шт) ; 110,00р. ; 110,00р. ;0%
